{
    "content_scripts": [
        "content.js"
    ], 
    "description": "Extension description", 
    "creator": "Kango", 
    "framework_version": "1.8.0 3dc957b83b36", 
    "background_scripts": [
        "main.js"
    ], 
    "homepage_url": "http://chatterbox.rivison.com/", 
    "version": "0.9.0", 
    "framework_package_id": "dev", 
    "browser_button": {
        "caption": "Kango", 
        "tooltipText": "Kango", 
        "icon": "icons/button.png"
    }, 
    "id": "{EC0758EF-9171-4FD8-8FE4-864F05D57E40}", 
    "name": "ChatterBox"
}